id,class,method,name,description
1,android.util.Base64,decode,Base64,
2,android.util.Base64,encode,Base64,
3,android.util.Base64,encodeToString,Base64,
4,android.app.Activity,startActivity,Binder,
5,android.app.ActivityThread,handleReceiver,Binder,
6,android.app.ContextImpl,registerReceiver,Binder,
7,java.lang.ProcessBuilder,start,Command,
8,java.lang.Runtime,exec,Command,
9,javax.crypto.Cipher,doFinal,Crypto,
10,javax.crypto.spec.SecretKeySpec,$init,Crypto,
11,java.security.MessageDigest,digest,Crypto - Hash,
12,java.security.MessageDigest,update,Crypto - Hash,
13,android.content.ContextWrapper,databaseList,Database,
14,android.content.ContextWrapper,deleteDatabase,Database,
15,android.content.ContextWrapper,openOrCreateDatabase,Database,
16,android.database.sqlite.SQLiteDatabase,compileStatement,Database,
17,android.database.sqlite.SQLiteDatabase,create,Database,
18,android.database.sqlite.SQLiteDatabase,deleteDatabase,Database,
19,android.database.sqlite.SQLiteDatabase,execSQL,Database,
20,android.database.sqlite.SQLiteDatabase,getPath,Database,
21,android.database.sqlite.SQLiteDatabase,insert,Database,
22,android.database.sqlite.SQLiteDatabase,insertOrThrow,Database,
23,android.database.sqlite.SQLiteDatabase,insertWithOnConflict,Database,
24,android.database.sqlite.SQLiteDatabase,openDatabase,Database,
25,android.database.sqlite.SQLiteDatabase,openOrCreateDatabase,Database,
26,android.database.sqlite.SQLiteDatabase,query,Database,
27,android.database.sqlite.SQLiteDatabase,queryWithFactory,Database,
28,android.database.sqlite.SQLiteDatabase,rawQuery,Database,
29,android.database.sqlite.SQLiteDatabase,rawQueryWithFactory,Database,
30,android.database.sqlite.SQLiteDatabase,update,Database,
31,android.database.sqlite.SQLiteDatabase,updateWithOnConflict,Database,
32,android.accounts.AccountManager,getAccounts,Device Data,
33,android.accounts.AccountManager,getAccountsByType,Device Data,
34,android.app.ApplicationPackageManager,getInstalledPackages,Device Data,
35,android.content.ContentResolver,delete,Device Data,
36,android.content.ContentResolver,insert,Device Data,
37,android.content.ContentResolver,query,Device Data,
38,android.content.ContentResolver,registerContentObserver,Device Data,
39,android.location.Location,getLatitude,Device Data,
40,android.location.Location,getLongitude,Device Data,
41,android.media.AudioRecord,startRecording,Device Data,
42,android.media.MediaRecorder,start,Device Data,
43,android.os.SystemProperties,get,Device Data,
44,android.content.pm.PackageManager,getInstalledApplications,Device Info,
45,android.content.pm.PackageManager,getInstalledModules,Device Info,Not Found in API 25
46,android.content.pm.PackageManager,getInstalledPackages,Device Info,
47,android.content.pm.PackageManager,getInstallerPackageName,Device Info,
48,android.net.wifi.WifiInfo,getBSSID,Device Info,
49,android.net.wifi.WifiInfo,getIpAddress,Device Info,
50,android.net.wifi.WifiInfo,getMacAddress,Device Info,
51,android.net.wifi.WifiInfo,getNetworkId,Device Info,
52,android.os.Debug,isDebuggerConnected,Device Info,
53,android.telephony.TelephonyManager,getDeviceId,Device Info,
54,android.telephony.TelephonyManager,getDeviceSoftwareVersion,Device Info,
55,android.telephony.TelephonyManager,getLine1Number,Device Info,
56,android.telephony.TelephonyManager,getNetworkCountryIso,Device Info,
57,android.telephony.TelephonyManager,getNetworkOperator,Device Info,
58,android.telephony.TelephonyManager,getNetworkOperatorName,Device Info,
59,android.telephony.TelephonyManager,getSimCountryIso,Device Info,
60,android.telephony.TelephonyManager,getSimOperatorName,Device Info,
61,android.telephony.TelephonyManager,getSimSerialNumber,Device Info,
62,android.telephony.TelephonyManager,getSubscriberId,Device Info,
63,dalvik.system.BaseDexClassLoader,findLibrary,Dex Class Loader,
64,dalvik.system.BaseDexClassLoader,findResource,Dex Class Loader,
65,dalvik.system.BaseDexClassLoader,findResources,Dex Class Loader,
66,dalvik.system.DexClassLoader,$init,Dex Class Loader,
67,dalvik.system.DexFile,loadClass,Dex Class Loader,
68,dalvik.system.DexFile,loadDex,Dex Class Loader,
69,android.content.ContextWrapper,deleteFile,File IO,
70,android.content.ContextWrapper,openFileInput,File IO,
71,android.content.ContextWrapper,openFileOutput,File IO,
72,libcore.io.IoBridge,open,File IO,
73,android.content.ContextWrapper,registerReceiver,IPC,
74,android.content.ContextWrapper,sendBroadcast,IPC,
75,android.content.ContextWrapper,sendStickyBroadcast,IPC,
76,android.content.ContextWrapper,startActivity,IPC,
77,android.content.ContextWrapper,startService,IPC,
78,android.content.ContextWrapper,stopService,IPC,
79,java.lang.Runtime,load,Java Native Interface,
80,java.lang.Runtime,loadLibrary,Java Native Interface,
81,com.android.okhttp.internal.http.HttpURLConnectionImpl,getInputStream,Network,Not Found in API 25
82,com.android.okhttp.internal.huc.HttpURLConnectionImpl,getInputStream,Network,
83,java.net.URL,openConnection,Network,
84,org.apache.http.impl.client.AbstractHttpClient,execute,Network,
85,android.app.ActivityManager,killBackgroundProcesses,Process,
86,android.os.Process,killProcess,Process,
87,android.os.Process,start,Process,
88,android.telephony.SmsManager,sendMultipartTextMessage,SMS,
89,android.telephony.SmsManager,sendTextMessage,SMS,
90,android.app.ApplicationPackageManager,setComponentEnabledSetting,System Manager,
91,android.app.NotificationManager,notify,System Manager,
92,android.content.BroadcastReceiver,abortBroadcast,System Manager,
93,android.telephony.TelephonyManager,listen,System Manager,
94,android.webkit.WebView,addJavascriptInterface,WebView,
95,android.webkit.WebView,evaluateJavascript,WebView,
96,android.webkit.WebView,getHttpAuthUsernamePassword,WebView,
97,android.webkit.WebView,loadData,WebView,
98,android.webkit.WebView,loadDataWithBaseURL,WebView,
99,android.webkit.WebView,loadUrl,WebView,
100,android.webkit.WebView,postUrl,WebView,
101,android.webkit.WebView,postWebMessage,WebView,
102,android.webkit.WebView,savePassword,WebView,
103,android.webkit.WebView,setHttpAuthUsernamePassword,WebView,
104,android.webkit.WebView,setWebContentsDebuggingEnabled,WebView,
105,android.provider.ContactsContract,set,APIChecker-Restricted API,Not Found in API 25
106,android.provider.Browser,updateVisitedHistory,APIChecker-Restricted API,
107,android.location.LocationManager,sendExtraCommand,APIChecker-Restricted API,
108,android.provider.Browser,addSearchUrl,APIChecker-Restricted API,
109,android.location.LocationManager,requestLocationUpdates,APIChecker-Restricted API,
110,android.net.sip.SipManager,createSipSession,APIChecker-Restricted API,
111,android.location.LocationManager,addNmeaListener,APIChecker-Restricted API,
112,android.telephony.SmsManager,divideMessage,APIChecker-Restricted API,
113,android.net.sip.SipManager,register,APIChecker-Restricted API,
114,android.location.LocationManager,getProvider,APIChecker-Restricted API,
115,android.telephony.TelephonyManager,getCellLocation,APIChecker-Restricted API,
116,android.provider.ContactsContract,getContactLookupUri,APIChecker-Restricted API,Not Found in API 25
117,android.telephony.TelephonyManager,getDeviceSoftwareVersion,APIChecker-Restricted API,
118,android.app.DownloadManager,getUriForDownloadedFile,APIChecker-Restricted API,
119,android.provider.Browser,deleteHistoryTimeFrame,APIChecker-Restricted API,
120,android.telephony.PhoneNumberUtils,isVoiceMailNumber,APIChecker-Restricted API,
121,android.speech.SpeechRecognizer,cancel,APIChecker-Restricted API,
122,android.provider.ContactsContract,markAsContacted,APIChecker-Restricted API,Not Found in API 25
123,android.telephony.TelephonyManager,getSubscriberId,APIChecker-Restricted API,
124,android.telephony.gsm.SmsManager,sendTextMessage,APIChecker-Restricted API,
125,android.telephony.TelephonyManager,getGroupIdLevel1,APIChecker-Restricted API,
126,android.provider.ContactsContract,notifyDirectoryChange,APIChecker-Restricted API,Not Found in API 25
127,android.provider.Contacts,setSetting,APIChecker-Restricted API,Not Found in API 25
128,android.accounts.AccountManager,editProperties,APIChecker-Restricted API,
129,android.widget.QuickContactBadge,assignContactFromEmail,APIChecker-Restricted API,
130,android.net.sip.SipManager,open,APIChecker-Restricted API,
131,android.accounts.AccountManager,addAccount,APIChecker-Restricted API,
132,android.provider.Contacts,markAsContacted,APIChecker-Restricted API,Not Found in API 25
133,android.provider.Browser,deleteFromHistory,APIChecker-Restricted API,
134,android.accounts.AccountManager,blockingGetAuthToken,APIChecker-Restricted API,
135,android.app.DownloadManager,enqueue,APIChecker-Restricted API,
136,android.net.ConnectivityManager,startUsingNetworkFeature,APIChecker-Restricted API,
137,android.telephony.SubscriptionManager,addOnSubscriptionsChangedListener,APIChecker-Restricted API,
138,android.location.LocationManager,getBestProvider,APIChecker-Restricted API,
139,android.accounts.AccountManager,hasFeatures,APIChecker-Restricted API,
140,android.accounts.AccountManager,getAccounts,APIChecker-Restricted API,
141,android.telephony.SmsManager,sendMultipartTextMessage,APIChecker-Restricted API,
142,android.accounts.AccountManager,getAuthToken,APIChecker-Restricted API,
143,android.provider.Browser,truncateHistory,APIChecker-Restricted API,
144,android.net.sip.SipManager,close,APIChecker-Restricted API,
145,android.net.sip.SipManager,unregister,APIChecker-Restricted API,
146,android.app.KeyguardManager,exitKeyguardSecurely,APIChecker-Restricted API,
147,android.accounts.AccountManager,getAuthTokenLabel,APIChecker-Restricted API,
148,android.location.LocationManager,addGpsStatusListener,APIChecker-Restricted API,
149,android.media.MediaRecorder,setVideoSource,APIChecker-Restricted API,
150,android.provider.Contacts,queryGroups,APIChecker-Restricted API,Not Found in API 25
151,android.telephony.SubscriptionManager,getActiveSubscriptionInfo,APIChecker-Restricted API,
152,android.telephony.TelephonyManager,getVoiceMailNumber,APIChecker-Restricted API,
153,android.hardware.Camera,open,APIChecker-Restricted API,
154,android.provider.ContactsContract,newSetOperation,APIChecker-Restricted API,Not Found in API 25
155,android.telephony.TelephonyManager,getAllCellInfo,APIChecker-Restricted API,
156,android.provider.Browser,clearSearches,APIChecker-Restricted API,
157,android.telephony.TelephonyManager,getVoiceMailAlphaTag,APIChecker-Restricted API,
158,android.telephony.gsm.SmsManager,divideMessage,APIChecker-Restricted API,
159,android.inputmethodservice.KeyboardView,swipeDown,APIChecker-Restricted API,
160,android.net.sip.SipManager,isOpened,APIChecker-Restricted API,
161,android.location.LocationManager,isProviderEnabled,APIChecker-Restricted API,
162,android.telephony.gsm.SmsManager,sendMultipartTextMessage,APIChecker-Restricted API,
163,android.net.sip.SipManager,getSessionFor,APIChecker-Restricted API,
164,android.telephony.TelephonyManager,getDeviceId,APIChecker-Restricted API,
165,android.telephony.TelephonyManager,getNeighboringCellInfo,APIChecker-Restricted API,
166,android.telephony.TelephonyManager,listen,APIChecker-Restricted API,
167,android.media.MediaRecorder,setAudioSource,APIChecker-Restricted API,
168,android.speech.SpeechRecognizer,stopListening,APIChecker-Restricted API,
169,android.location.LocationManager,addProximityAlert,APIChecker-Restricted API,
170,android.provider.CalendarContract,query,APIChecker-Restricted API,Not Found in API 25
171,android.provider.Contacts,getSetting,APIChecker-Restricted API,Not Found in API 25
172,android.accounts.AccountManager,updateCredentials,APIChecker-Restricted API,
173,android.accounts.AccountManager,removeAccount,APIChecker-Restricted API,
174,android.provider.CalendarContract,insert,APIChecker-Restricted API,Not Found in API 25
175,android.accounts.AccountManager,addOnAccountsUpdatedListener,APIChecker-Restricted API,
176,android.telephony.SmsManager,downloadMultimediaMessage,APIChecker-Restricted API,
177,android.telecom.TelecomManager,isInCall,APIChecker-Restricted API,
178,android.telephony.SubscriptionManager,getActiveSubscriptionInfoForSimSlotIndex,APIChecker-Restricted API,
179,android.net.sip.SipManager,takeAudioCall,APIChecker-Restricted API,
180,android.location.LocationManager,requestSingleUpdate,APIChecker-Restricted API,
181,android.telephony.SubscriptionManager,getActiveSubscriptionInfoCount,APIChecker-Restricted API,
182,android.telephony.SmsManager,sendTextMessage,APIChecker-Restricted API,
183,android.net.sip.SipManager,makeAudioCall,APIChecker-Restricted API,
184,android.provider.Browser,clearHistory,APIChecker-Restricted API,
185,android.net.sip.SipManager,setRegistrationListener,APIChecker-Restricted API,
186,android.accounts.AccountManager,getAccountsByTypeAndFeatures,APIChecker-Restricted API,
187,android.telephony.SmsManager,sendMultimediaMessage,APIChecker-Restricted API,
188,android.speech.SpeechRecognizer,setRecognitionListener,APIChecker-Restricted API,
189,android.provider.ContactsContract,get,APIChecker-Restricted API,Not Found in API 25
190,android.provider.VoicemailContract,buildSourceUri,APIChecker-Restricted API,Not Found in API 25
191,android.telephony.SubscriptionManager,getActiveSubscriptionInfoList,APIChecker-Restricted API,
192,android.speech.SpeechRecognizer,startListening,APIChecker-Restricted API,
193,android.widget.QuickContactBadge,onClick,APIChecker-Restricted API,
194,android.net.sip.SipManager,isRegistered,APIChecker-Restricted API,
195,android.provider.Contacts,createPersonInMyContactsGroup,APIChecker-Restricted API,Not Found in API 25
196,android.telephony.gsm.SmsManager,sendDataMessage,APIChecker-Restricted API,
197,android.accounts.AccountManager,getAccountsByType,APIChecker-Restricted API,
198,android.provider.Contacts,addToMyContactsGroup,APIChecker-Restricted API,Not Found in API 25
199,android.location.LocationManager,getProviders,APIChecker-Restricted API,
200,android.provider.CallLog,getLastOutgoingCall,APIChecker-Restricted API,Not Found in API 25
201,android.accounts.AccountManager,confirmCredentials,APIChecker-Restricted API,
202,android.accounts.AccountManager,getAuthTokenByFeatures,APIChecker-Restricted API,
203,android.telecom.TelecomManager,showInCallScreen,APIChecker-Restricted API,
204,android.telephony.TelephonyManager,getSimSerialNumber,APIChecker-Restricted API,
205,android.view.inputmethod.InputMethodManager,showInputMethodAndSubtypeEnabler,APIChecker-Restricted API,
206,android.widget.QuickContactBadge,assignContactFromPhone,APIChecker-Restricted API,
207,android.provider.ContactsContract,getWithUri,APIChecker-Restricted API,Not Found in API 25
208,android.inputmethodservice.KeyboardView,swipeRight,APIChecker-Restricted API,
209,android.media.AudioRecord,AudioRecord,APIChecker-Restricted API,Not Found in API 25
210,android.provider.Contacts,addToGroup,APIChecker-Restricted API,Not Found in API 25
211,android.telephony.TelephonyManager,getLine1Number,APIChecker-Restricted API,
212,android.provider.ContactsContract,getLookupUri,APIChecker-Restricted API,Not Found in API 25
213,android.app.DownloadManager,addCompletedDownload,APIChecker-Restricted API,
214,android.provider.Contacts,addPostalLocation,APIChecker-Restricted API,Not Found in API 25
215,android.telephony.SmsManager,sendDataMessage,APIChecker-Restricted API,
216,android.location.LocationManager,getLastKnownLocation,APIChecker-Restricted API,
217,java.lang.Runtime,getRuntime,APIChecker-Sensitive Operation API,
218,java.lang.Runtime,exec,APIChecker-Sensitive Operation API,duplicate api
219,java.lang.ProcessBuilder,start,APIChecker-Sensitive Operation API,duplicate api
220,java.lang.Runtime,load,APIChecker-Sensitive Operation API,duplicate api
221,java.lang.Runtime,loadLibrary,APIChecker-Sensitive Operation API,duplicate api
222,android.os.Environment,getDataDirectory,APIChecker-Sensitive Operation API,
223,android.os.Environment,getDownloadCacheDirectory,APIChecker-Sensitive Operation API,
224,android.os.Environment,getExternalStorageDirectory,APIChecker-Sensitive Operation API,
225,android.os.Environment,getExternalStoragePublicDirectory,APIChecker-Sensitive Operation API,
226,android.os.Environment,getRootDirectory,APIChecker-Sensitive Operation API,
227,android.os.storage.StorageManager,getPrimaryStorageVolume,APIChecker-Sensitive Operation API,
228,android.os.storage.StorageManager,getStorageVolumes,APIChecker-Sensitive Operation API,
229,java.io.File,createNewFile,APIChecker-Sensitive Operation API,
230,java.io.File,delete,APIChecker-Sensitive Operation API,
231,java.io.File,listFiles,APIChecker-Sensitive Operation API,
232,java.io.File,list,APIChecker-Sensitive Operation API,
233,java.io.File,mkdir,APIChecker-Sensitive Operation API,
234,java.io.File,renameTo,APIChecker-Sensitive Operation API,
235,java.io.FileWriter,write,APIChecker-Sensitive Operation API,
236,java.io.FileOutputStream,write,APIChecker-Sensitive Operation API,
237,android.database.sqlite.SQLiteDatabase,create,APIChecker-Sensitive Operation API,duplicate api
238,android.database.sqlite.SQLiteDatabase,delete,APIChecker-Sensitive Operation API,
239,android.database.sqlite.SQLiteDatabase,deleteDatabase,APIChecker-Sensitive Operation API,duplicate api
240,android.database.sqlite.SQLiteDatabase,execSQL,APIChecker-Sensitive Operation API,duplicate api
241,android.database.sqlite.SQLiteDatabase,insert,APIChecker-Sensitive Operation API,duplicate api
242,android.database.sqlite.SQLiteDatabase,insertWithOnConflict,APIChecker-Sensitive Operation API,duplicate api
243,android.database.sqlite.SQLiteDatabase,query,APIChecker-Sensitive Operation API,duplicate api
244,android.database.sqlite.SQLiteDatabase,rawQuery,APIChecker-Sensitive Operation API,duplicate api
245,android.database.sqlite.SQLiteDatabase,updateWithOnConflict,APIChecker-Sensitive Operation API,duplicate api
246,android.database.sqlite.SQLiteDatabase,update,APIChecker-Sensitive Operation API,duplicate api
247,android.database.sqlite.SQLiteOpenHelper,SQLiteOpenHelper,APIChecker-Sensitive Operation API,
248,java.net.URLConnection,connect,APIChecker-Sensitive Operation API,
249,java.net.HttpURLConnection,connect,APIChecker-Sensitive Operation API,
250,java.net.Socket,connect,APIChecker-Sensitive Operation API,
251,android.os.PowerManager,newWakeLock,APIChecker-Sensitive Operation API,
252,android.content.Context,startService,APIChecker-Sensitive Operation API,
253,android.content.Context,stopService,APIChecker-Sensitive Operation API,
254,android.content.Context,bindService,APIChecker-Sensitive Operation API,
255,android.app.ActivityManager,getRunningTasks,APIChecker-Sensitive Operation API,
256,android.app.ActivityManager,getRunningServices,APIChecker-Sensitive Operation API,
257,android.app.ActivityManager,killBackgroundProcesses,APIChecker-Sensitive Operation API,duplicate api
258,android.app.ActivityManager,getRunningAppProcesses,APIChecker-Sensitive Operation API,
259,android.content.Context,startActivity,APIChecker-Sensitive Operation API,
260,android.content.Context,sendBroadcast,APIChecker-Sensitive Operation API,
261,android.content.Context,registerReceiver,APIChecker-Sensitive Operation API,
262,android.content.BroadcastReceiver,abortBroadcast,APIChecker-Sensitive Operation API,duplicate api
263,java.lang.Class,forName,APIChecker-Sensitive Operation API,
264,java.lang.Class,getDeclaredMethod,APIChecker-Sensitive Operation API,
265,java.lang.Class,getDeclaredMethods,APIChecker-Sensitive Operation API,
266,java.lang.Class,getDeclaredField,APIChecker-Sensitive Operation API,
267,java.lang.reflect.Method,invoke,APIChecker-Sensitive Operation API,
268,java.lang.reflect.Proxy,newProxyInstance,APIChecker-Sensitive Operation API,
269,android.view.ViewManager,addView,APIChecker-Sensitive Operation API,
270,android.view.ViewManager,removeView,APIChecker-Sensitive Operation API,
271,android.view.ViewGroup,addView,APIChecker-Sensitive Operation API,
272,android.widget.TextView,setText,APIChecker-Sensitive Operation API,
273,android.app.AlertDialog,AlertDialog,APIChecker-Sensitive Operation API,
274,android.view.WindowManager,aadView,APIChecker-Sensitive Operation API,
275,android.util.Base64,encode,APIChecker-Sensitive Operation API,duplicate api
276,android.util.Base64,decode,APIChecker-Sensitive Operation API,duplicate api
277,javax.crypto.Cipher,doFinal,APIChecker-Sensitive Operation API,duplicate api
278,javax.crypto.Cipher,getInstance,APIChecker-Sensitive Operation API,
279,javax.crypto.Cipher,init,APIChecker-Sensitive Operation API,
280,javax.crypto.spec.SecretKeySpec,SecretKeySpec,APIChecker-Sensitive Operation API,
281,java.lang.ClassLoader,ClassLoader,APIChecker-Sensitive Operation API,
282,dalvik.system.BaseDexClassLoader,BaseDexClassLoader,APIChecker-Sensitive Operation API,
283,dalvik.system.PathClassLoader,PathClassLoader,APIChecker-Sensitive Operation API,
284,dalvik.system.DexClassLoader,DexClassLoader,APIChecker-Sensitive Operation API,
285,dalvik.system.DexFile,DexFile,APIChecker-Sensitive Operation API,
286,dalvik.system.InMemoryDexClassLoader,InMemoryDexClassLoader,APIChecker-Sensitive Operation API,
287,android.app.Activity,setShowWhenLocked,Diff OS API,
288,android.app.Service,onStartCommand,Diff OS API,
289,android.content.ContextWrapper,sendBroadcast,Diff OS API,duplicate api
290,android.content.ContextWrapper,sendBroadcastAsUser,Diff OS API,
291,android.content.ContextWrapper,sendOrderedBroadcast,Diff OS API,
292,android.content.ContextWrapper,sendOrderedBroadcastAsUser,Diff OS API,
293,android.hardware.camera2.CameraManager,openCamera,Diff OS API,
294,android.location.LocationManager,registerGnssStatusCallback,Diff OS API,
295,android.net.ConnectivityManager.NetworkCallback,NetworkCallback,Diff OS API,
296,android.net.ConnectivityManager,registerDefaultNetworkCallback,Diff OS API,
297,android.net.ConnectivityManager,registerNetworkCallback,Diff OS API,
298,android.net.SSLCertificateSocketFactory,getDefault,Diff OS API,
299,android.content.ContentResolver,insert,Diff OS API,duplicate api
300,android.content.ContentResolver,query,Diff OS API,duplicate api
301,android.provider.VoicemailContract.Voicemails,buildSourceUri,Diff OS API,
302,android.telephony.TelephonyManager,getAllCellInfo,Diff OS API,duplicate api
303,android.telephony.TelephonyManager,getImei,Diff OS API,
304,android.telephony.TelephonyManager,getMeid,Diff OS API,
305,android.webkit.CookieManager,removeAllCookies,Diff OS API,
306,dalvik.system.PathClassLoader,PathClassLoader,Diff OS API,
307,org.apache.http.params.HttpConnectionParams,setStaleCheckingEnabled,Diff OS API,old api
308,java.net.URL,openConnection,Diff OS API,duplicate api
309,org.apache.http.params.HttpParams,setIntParameter,Diff OS API,old api
310,java.net.URLConnection,setConnectTimeout,Diff OS API,
311,java.net.URLConnection,setReadTimeout,Diff OS API,
