id,class,method,enabled,tag,name,description
1,android.util.Base64,decode,TRUE,MobSF,Base64,
2,android.util.Base64,encode,TRUE,MobSF,Base64,
3,android.util.Base64,encodeToString,TRUE,MobSF,Base64,
4,android.app.Activity,startActivity,TRUE,MobSF,Binder,
5,android.app.ActivityThread,handleReceiver,TRUE,MobSF,Binder,
6,android.app.ContextImpl,registerReceiver,TRUE,MobSF,Binder,
7,java.lang.ProcessBuilder,start,TRUE,MobSF,Command,
8,java.lang.Runtime,exec,TRUE,MobSF,Command,
9,javax.crypto.Cipher,doFinal,TRUE,MobSF,Crypto,
10,javax.crypto.spec.SecretKeySpec,$init,TRUE,MobSF,Crypto,
11,java.security.MessageDigest,digest,TRUE,MobSF,Crypto - Hash,
12,java.security.MessageDigest,update,TRUE,MobSF,Crypto - Hash,
13,android.content.ContextWrapper,databaseList,TRUE,MobSF,Database,
14,android.content.ContextWrapper,deleteDatabase,TRUE,MobSF,Database,
15,android.content.ContextWrapper,openOrCreateDatabase,TRUE,MobSF,Database,
16,android.database.sqlite.SQLiteDatabase,compileStatement,TRUE,MobSF,Database,
17,android.database.sqlite.SQLiteDatabase,create,TRUE,MobSF,Database,
18,android.database.sqlite.SQLiteDatabase,deleteDatabase,TRUE,MobSF,Database,
19,android.database.sqlite.SQLiteDatabase,execSQL,TRUE,MobSF,Database,
20,android.database.sqlite.SQLiteDatabase,getPath,TRUE,MobSF,Database,
21,android.database.sqlite.SQLiteDatabase,insert,TRUE,MobSF,Database,
22,android.database.sqlite.SQLiteDatabase,insertOrThrow,TRUE,MobSF,Database,
23,android.database.sqlite.SQLiteDatabase,insertWithOnConflict,TRUE,MobSF,Database,
24,android.database.sqlite.SQLiteDatabase,openDatabase,TRUE,MobSF,Database,
25,android.database.sqlite.SQLiteDatabase,openOrCreateDatabase,TRUE,MobSF,Database,
26,android.database.sqlite.SQLiteDatabase,query,TRUE,MobSF,Database,
27,android.database.sqlite.SQLiteDatabase,queryWithFactory,TRUE,MobSF,Database,
28,android.database.sqlite.SQLiteDatabase,rawQuery,TRUE,MobSF,Database,
29,android.database.sqlite.SQLiteDatabase,rawQueryWithFactory,TRUE,MobSF,Database,
30,android.database.sqlite.SQLiteDatabase,update,TRUE,MobSF,Database,
31,android.database.sqlite.SQLiteDatabase,updateWithOnConflict,TRUE,MobSF,Database,
32,android.accounts.AccountManager,getAccounts,TRUE,MobSF,Device Data,
33,android.accounts.AccountManager,getAccountsByType,TRUE,MobSF,Device Data,
34,android.app.ApplicationPackageManager,getInstalledPackages,TRUE,MobSF,Device Data,
35,android.content.ContentResolver,delete,TRUE,MobSF,Device Data,
36,android.content.ContentResolver,insert,TRUE,MobSF,Device Data,
37,android.content.ContentResolver,query,TRUE,MobSF,Device Data,
38,android.content.ContentResolver,registerContentObserver,TRUE,MobSF,Device Data,
39,android.location.Location,getLatitude,TRUE,MobSF,Device Data,
40,android.location.Location,getLongitude,TRUE,MobSF,Device Data,
41,android.media.AudioRecord,startRecording,TRUE,MobSF,Device Data,
42,android.media.MediaRecorder,start,TRUE,MobSF,Device Data,
43,android.os.SystemProperties,get,TRUE,MobSF,Device Data,
44,android.content.pm.PackageManager,getInstalledApplications,TRUE,MobSF,Device Info,
45,android.content.pm.PackageManager,getInstalledModules,FALSE,MobSF,Device Info,Not Found in API 25
46,android.content.pm.PackageManager,getInstalledPackages,TRUE,MobSF,Device Info,
47,android.content.pm.PackageManager,getInstallerPackageName,TRUE,MobSF,Device Info,
48,android.net.wifi.WifiInfo,getBSSID,TRUE,MobSF,Device Info,
49,android.net.wifi.WifiInfo,getIpAddress,TRUE,MobSF,Device Info,
50,android.net.wifi.WifiInfo,getMacAddress,TRUE,MobSF,Device Info,
51,android.net.wifi.WifiInfo,getNetworkId,TRUE,MobSF,Device Info,
52,android.os.Debug,isDebuggerConnected,TRUE,MobSF,Device Info,
53,android.telephony.TelephonyManager,getDeviceId,TRUE,MobSF,Device Info,
54,android.telephony.TelephonyManager,getDeviceSoftwareVersion,TRUE,MobSF,Device Info,
55,android.telephony.TelephonyManager,getLine1Number,TRUE,MobSF,Device Info,
56,android.telephony.TelephonyManager,getNetworkCountryIso,TRUE,MobSF,Device Info,
57,android.telephony.TelephonyManager,getNetworkOperator,TRUE,MobSF,Device Info,
58,android.telephony.TelephonyManager,getNetworkOperatorName,TRUE,MobSF,Device Info,
59,android.telephony.TelephonyManager,getSimCountryIso,TRUE,MobSF,Device Info,
60,android.telephony.TelephonyManager,getSimOperatorName,TRUE,MobSF,Device Info,
61,android.telephony.TelephonyManager,getSimSerialNumber,TRUE,MobSF,Device Info,
62,android.telephony.TelephonyManager,getSubscriberId,TRUE,MobSF,Device Info,
63,dalvik.system.BaseDexClassLoader,findLibrary,TRUE,MobSF,Dex Class Loader,
64,dalvik.system.BaseDexClassLoader,findResource,TRUE,MobSF,Dex Class Loader,
65,dalvik.system.BaseDexClassLoader,findResources,TRUE,MobSF,Dex Class Loader,
66,dalvik.system.DexClassLoader,$init,TRUE,MobSF,Dex Class Loader,
67,dalvik.system.DexFile,loadClass,TRUE,MobSF,Dex Class Loader,
68,dalvik.system.DexFile,loadDex,TRUE,MobSF,Dex Class Loader,
69,android.content.ContextWrapper,deleteFile,TRUE,MobSF,File IO,
70,android.content.ContextWrapper,openFileInput,TRUE,MobSF,File IO,
71,android.content.ContextWrapper,openFileOutput,TRUE,MobSF,File IO,
72,libcore.io.IoBridge,open,TRUE,MobSF,File IO,
73,android.content.ContextWrapper,registerReceiver,TRUE,MobSF,IPC,
74,android.content.ContextWrapper,sendBroadcast,TRUE,MobSF,IPC,
75,android.content.ContextWrapper,sendStickyBroadcast,TRUE,MobSF,IPC,
76,android.content.ContextWrapper,startActivity,TRUE,MobSF,IPC,
77,android.content.ContextWrapper,startService,TRUE,MobSF,IPC,
78,android.content.ContextWrapper,stopService,TRUE,MobSF,IPC,
79,java.lang.Runtime,load,TRUE,MobSF,Java Native Interface,
80,java.lang.Runtime,loadLibrary,TRUE,MobSF,Java Native Interface,
81,com.android.okhttp.internal.http.HttpURLConnectionImpl,getInputStream,FALSE,MobSF,Network,Not Found in API 25
82,com.android.okhttp.internal.huc.HttpURLConnectionImpl,getInputStream,TRUE,MobSF,Network,
83,java.net.URL,openConnection,TRUE,MobSF,Network,
84,org.apache.http.impl.client.AbstractHttpClient,execute,TRUE,MobSF,Network,
85,android.app.ActivityManager,killBackgroundProcesses,TRUE,MobSF,Process,
86,android.os.Process,killProcess,TRUE,MobSF,Process,
87,android.os.Process,start,TRUE,MobSF,Process,
88,android.telephony.SmsManager,sendMultipartTextMessage,TRUE,MobSF,SMS,
89,android.telephony.SmsManager,sendTextMessage,TRUE,MobSF,SMS,
90,android.app.ApplicationPackageManager,setComponentEnabledSetting,TRUE,MobSF,System Manager,
91,android.app.NotificationManager,notify,TRUE,MobSF,System Manager,
92,android.content.BroadcastReceiver,abortBroadcast,TRUE,MobSF,System Manager,
93,android.telephony.TelephonyManager,listen,TRUE,MobSF,System Manager,
94,android.webkit.WebView,addJavascriptInterface,TRUE,MobSF,WebView,
95,android.webkit.WebView,evaluateJavascript,TRUE,MobSF,WebView,
96,android.webkit.WebView,getHttpAuthUsernamePassword,TRUE,MobSF,WebView,
97,android.webkit.WebView,loadData,TRUE,MobSF,WebView,
98,android.webkit.WebView,loadDataWithBaseURL,TRUE,MobSF,WebView,
99,android.webkit.WebView,loadUrl,TRUE,MobSF,WebView,
100,android.webkit.WebView,postUrl,TRUE,MobSF,WebView,
101,android.webkit.WebView,postWebMessage,TRUE,MobSF,WebView,
102,android.webkit.WebView,savePassword,TRUE,MobSF,WebView,
103,android.webkit.WebView,setHttpAuthUsernamePassword,TRUE,MobSF,WebView,
104,android.webkit.WebView,setWebContentsDebuggingEnabled,TRUE,MobSF,WebView,
105,android.provider.ContactsContract,set,FALSE,APIChecker-Restricted API,APIChecker-Restricted API,Not Found in API 25
106,android.provider.Browser,updateVisitedHistory,TRUE,APIChecker-Restricted API,APIChecker-Restricted API,
107,android.location.LocationManager,sendExtraCommand,TRUE,APIChecker-Restricted API,APIChecker-Restricted API,
108,android.provider.Browser,addSearchUrl,TRUE,APIChecker-Restricted API,APIChecker-Restricted API,
109,android.location.LocationManager,requestLocationUpdates,TRUE,APIChecker-Restricted API,APIChecker-Restricted API,
110,android.net.sip.SipManager,createSipSession,TRUE,APIChecker-Restricted API,APIChecker-Restricted API,
111,android.location.LocationManager,addNmeaListener,TRUE,APIChecker-Restricted API,APIChecker-Restricted API,
112,android.telephony.SmsManager,divideMessage,TRUE,APIChecker-Restricted API,APIChecker-Restricted API,
113,android.net.sip.SipManager,register,TRUE,APIChecker-Restricted API,APIChecker-Restricted API,
114,android.location.LocationManager,getProvider,TRUE,APIChecker-Restricted API,APIChecker-Restricted API,
115,android.telephony.TelephonyManager,getCellLocation,TRUE,APIChecker-Restricted API,APIChecker-Restricted API,
116,android.provider.ContactsContract,getContactLookupUri,FALSE,APIChecker-Restricted API,APIChecker-Restricted API,Not Found in API 25
117,android.telephony.TelephonyManager,getDeviceSoftwareVersion,TRUE,APIChecker-Restricted API,APIChecker-Restricted API,
118,android.app.DownloadManager,getUriForDownloadedFile,TRUE,APIChecker-Restricted API,APIChecker-Restricted API,
119,android.provider.Browser,deleteHistoryTimeFrame,TRUE,APIChecker-Restricted API,APIChecker-Restricted API,
120,android.telephony.PhoneNumberUtils,isVoiceMailNumber,TRUE,APIChecker-Restricted API,APIChecker-Restricted API,
121,android.speech.SpeechRecognizer,cancel,TRUE,APIChecker-Restricted API,APIChecker-Restricted API,
122,android.provider.ContactsContract,markAsContacted,FALSE,APIChecker-Restricted API,APIChecker-Restricted API,Not Found in API 25
123,android.telephony.TelephonyManager,getSubscriberId,TRUE,APIChecker-Restricted API,APIChecker-Restricted API,
124,android.telephony.gsm.SmsManager,sendTextMessage,TRUE,APIChecker-Restricted API,APIChecker-Restricted API,
125,android.telephony.TelephonyManager,getGroupIdLevel1,TRUE,APIChecker-Restricted API,APIChecker-Restricted API,
126,android.provider.ContactsContract,notifyDirectoryChange,FALSE,APIChecker-Restricted API,APIChecker-Restricted API,Not Found in API 25
127,android.provider.Contacts,setSetting,FALSE,APIChecker-Restricted API,APIChecker-Restricted API,Not Found in API 25
128,android.accounts.AccountManager,editProperties,TRUE,APIChecker-Restricted API,APIChecker-Restricted API,
129,android.widget.QuickContactBadge,assignContactFromEmail,TRUE,APIChecker-Restricted API,APIChecker-Restricted API,
130,android.net.sip.SipManager,open,TRUE,APIChecker-Restricted API,APIChecker-Restricted API,
131,android.accounts.AccountManager,addAccount,TRUE,APIChecker-Restricted API,APIChecker-Restricted API,
132,android.provider.Contacts,markAsContacted,FALSE,APIChecker-Restricted API,APIChecker-Restricted API,Not Found in API 25
133,android.provider.Browser,deleteFromHistory,TRUE,APIChecker-Restricted API,APIChecker-Restricted API,
134,android.accounts.AccountManager,blockingGetAuthToken,TRUE,APIChecker-Restricted API,APIChecker-Restricted API,
135,android.app.DownloadManager,enqueue,TRUE,APIChecker-Restricted API,APIChecker-Restricted API,
136,android.net.ConnectivityManager,startUsingNetworkFeature,TRUE,APIChecker-Restricted API,APIChecker-Restricted API,
137,android.telephony.SubscriptionManager,addOnSubscriptionsChangedListener,TRUE,APIChecker-Restricted API,APIChecker-Restricted API,
138,android.location.LocationManager,getBestProvider,TRUE,APIChecker-Restricted API,APIChecker-Restricted API,
139,android.accounts.AccountManager,hasFeatures,TRUE,APIChecker-Restricted API,APIChecker-Restricted API,
140,android.accounts.AccountManager,getAccounts,TRUE,APIChecker-Restricted API,APIChecker-Restricted API,
141,android.telephony.SmsManager,sendMultipartTextMessage,TRUE,APIChecker-Restricted API,APIChecker-Restricted API,
142,android.accounts.AccountManager,getAuthToken,TRUE,APIChecker-Restricted API,APIChecker-Restricted API,
143,android.provider.Browser,truncateHistory,TRUE,APIChecker-Restricted API,APIChecker-Restricted API,
144,android.net.sip.SipManager,close,TRUE,APIChecker-Restricted API,APIChecker-Restricted API,
145,android.net.sip.SipManager,unregister,TRUE,APIChecker-Restricted API,APIChecker-Restricted API,
146,android.app.KeyguardManager,exitKeyguardSecurely,TRUE,APIChecker-Restricted API,APIChecker-Restricted API,
147,android.accounts.AccountManager,getAuthTokenLabel,TRUE,APIChecker-Restricted API,APIChecker-Restricted API,
148,android.location.LocationManager,addGpsStatusListener,TRUE,APIChecker-Restricted API,APIChecker-Restricted API,
149,android.media.MediaRecorder,setVideoSource,TRUE,APIChecker-Restricted API,APIChecker-Restricted API,
150,android.provider.Contacts,queryGroups,FALSE,APIChecker-Restricted API,APIChecker-Restricted API,Not Found in API 25
151,android.telephony.SubscriptionManager,getActiveSubscriptionInfo,TRUE,APIChecker-Restricted API,APIChecker-Restricted API,
152,android.telephony.TelephonyManager,getVoiceMailNumber,TRUE,APIChecker-Restricted API,APIChecker-Restricted API,
153,android.hardware.Camera,open,TRUE,APIChecker-Restricted API,APIChecker-Restricted API,
154,android.provider.ContactsContract,newSetOperation,FALSE,APIChecker-Restricted API,APIChecker-Restricted API,Not Found in API 25
155,android.telephony.TelephonyManager,getAllCellInfo,TRUE,APIChecker-Restricted API,APIChecker-Restricted API,
156,android.provider.Browser,clearSearches,TRUE,APIChecker-Restricted API,APIChecker-Restricted API,
157,android.telephony.TelephonyManager,getVoiceMailAlphaTag,TRUE,APIChecker-Restricted API,APIChecker-Restricted API,
158,android.telephony.gsm.SmsManager,divideMessage,TRUE,APIChecker-Restricted API,APIChecker-Restricted API,
159,android.inputmethodservice.KeyboardView,swipeDown,TRUE,APIChecker-Restricted API,APIChecker-Restricted API,
160,android.net.sip.SipManager,isOpened,TRUE,APIChecker-Restricted API,APIChecker-Restricted API,
161,android.location.LocationManager,isProviderEnabled,TRUE,APIChecker-Restricted API,APIChecker-Restricted API,
162,android.telephony.gsm.SmsManager,sendMultipartTextMessage,TRUE,APIChecker-Restricted API,APIChecker-Restricted API,
163,android.net.sip.SipManager,getSessionFor,TRUE,APIChecker-Restricted API,APIChecker-Restricted API,
164,android.telephony.TelephonyManager,getDeviceId,TRUE,APIChecker-Restricted API,APIChecker-Restricted API,
165,android.telephony.TelephonyManager,getNeighboringCellInfo,TRUE,APIChecker-Restricted API,APIChecker-Restricted API,
166,android.telephony.TelephonyManager,listen,TRUE,APIChecker-Restricted API,APIChecker-Restricted API,
167,android.media.MediaRecorder,setAudioSource,TRUE,APIChecker-Restricted API,APIChecker-Restricted API,
168,android.speech.SpeechRecognizer,stopListening,TRUE,APIChecker-Restricted API,APIChecker-Restricted API,
169,android.location.LocationManager,addProximityAlert,TRUE,APIChecker-Restricted API,APIChecker-Restricted API,
170,android.provider.CalendarContract,query,FALSE,APIChecker-Restricted API,APIChecker-Restricted API,Not Found in API 25
171,android.provider.Contacts,getSetting,FALSE,APIChecker-Restricted API,APIChecker-Restricted API,Not Found in API 25
172,android.accounts.AccountManager,updateCredentials,TRUE,APIChecker-Restricted API,APIChecker-Restricted API,
173,android.accounts.AccountManager,removeAccount,TRUE,APIChecker-Restricted API,APIChecker-Restricted API,
174,android.provider.CalendarContract,insert,FALSE,APIChecker-Restricted API,APIChecker-Restricted API,Not Found in API 25
175,android.accounts.AccountManager,addOnAccountsUpdatedListener,TRUE,APIChecker-Restricted API,APIChecker-Restricted API,
176,android.telephony.SmsManager,downloadMultimediaMessage,TRUE,APIChecker-Restricted API,APIChecker-Restricted API,
177,android.telecom.TelecomManager,isInCall,TRUE,APIChecker-Restricted API,APIChecker-Restricted API,
178,android.telephony.SubscriptionManager,getActiveSubscriptionInfoForSimSlotIndex,TRUE,APIChecker-Restricted API,APIChecker-Restricted API,
179,android.net.sip.SipManager,takeAudioCall,TRUE,APIChecker-Restricted API,APIChecker-Restricted API,
180,android.location.LocationManager,requestSingleUpdate,TRUE,APIChecker-Restricted API,APIChecker-Restricted API,
181,android.telephony.SubscriptionManager,getActiveSubscriptionInfoCount,TRUE,APIChecker-Restricted API,APIChecker-Restricted API,
182,android.telephony.SmsManager,sendTextMessage,TRUE,APIChecker-Restricted API,APIChecker-Restricted API,
183,android.net.sip.SipManager,makeAudioCall,TRUE,APIChecker-Restricted API,APIChecker-Restricted API,
184,android.provider.Browser,clearHistory,TRUE,APIChecker-Restricted API,APIChecker-Restricted API,
185,android.net.sip.SipManager,setRegistrationListener,TRUE,APIChecker-Restricted API,APIChecker-Restricted API,
186,android.accounts.AccountManager,getAccountsByTypeAndFeatures,TRUE,APIChecker-Restricted API,APIChecker-Restricted API,
187,android.telephony.SmsManager,sendMultimediaMessage,TRUE,APIChecker-Restricted API,APIChecker-Restricted API,
188,android.speech.SpeechRecognizer,setRecognitionListener,TRUE,APIChecker-Restricted API,APIChecker-Restricted API,
189,android.provider.ContactsContract,get,FALSE,APIChecker-Restricted API,APIChecker-Restricted API,Not Found in API 25
190,android.provider.VoicemailContract,buildSourceUri,FALSE,APIChecker-Restricted API,APIChecker-Restricted API,Not Found in API 25
191,android.telephony.SubscriptionManager,getActiveSubscriptionInfoList,TRUE,APIChecker-Restricted API,APIChecker-Restricted API,
192,android.speech.SpeechRecognizer,startListening,TRUE,APIChecker-Restricted API,APIChecker-Restricted API,
193,android.widget.QuickContactBadge,onClick,TRUE,APIChecker-Restricted API,APIChecker-Restricted API,
194,android.net.sip.SipManager,isRegistered,TRUE,APIChecker-Restricted API,APIChecker-Restricted API,
195,android.provider.Contacts,createPersonInMyContactsGroup,FALSE,APIChecker-Restricted API,APIChecker-Restricted API,Not Found in API 25
196,android.telephony.gsm.SmsManager,sendDataMessage,TRUE,APIChecker-Restricted API,APIChecker-Restricted API,
197,android.accounts.AccountManager,getAccountsByType,TRUE,APIChecker-Restricted API,APIChecker-Restricted API,
198,android.provider.Contacts,addToMyContactsGroup,FALSE,APIChecker-Restricted API,APIChecker-Restricted API,Not Found in API 25
199,android.location.LocationManager,getProviders,TRUE,APIChecker-Restricted API,APIChecker-Restricted API,
200,android.provider.CallLog,getLastOutgoingCall,FALSE,APIChecker-Restricted API,APIChecker-Restricted API,Not Found in API 25
201,android.accounts.AccountManager,confirmCredentials,TRUE,APIChecker-Restricted API,APIChecker-Restricted API,
202,android.accounts.AccountManager,getAuthTokenByFeatures,TRUE,APIChecker-Restricted API,APIChecker-Restricted API,
203,android.telecom.TelecomManager,showInCallScreen,TRUE,APIChecker-Restricted API,APIChecker-Restricted API,
204,android.telephony.TelephonyManager,getSimSerialNumber,TRUE,APIChecker-Restricted API,APIChecker-Restricted API,
205,android.view.inputmethod.InputMethodManager,showInputMethodAndSubtypeEnabler,TRUE,APIChecker-Restricted API,APIChecker-Restricted API,
206,android.widget.QuickContactBadge,assignContactFromPhone,TRUE,APIChecker-Restricted API,APIChecker-Restricted API,
207,android.provider.ContactsContract,getWithUri,FALSE,APIChecker-Restricted API,APIChecker-Restricted API,Not Found in API 25
208,android.inputmethodservice.KeyboardView,swipeRight,TRUE,APIChecker-Restricted API,APIChecker-Restricted API,
209,android.media.AudioRecord,AudioRecord,FALSE,APIChecker-Restricted API,APIChecker-Restricted API,Not Found in API 25
210,android.provider.Contacts,addToGroup,FALSE,APIChecker-Restricted API,APIChecker-Restricted API,Not Found in API 25
211,android.telephony.TelephonyManager,getLine1Number,TRUE,APIChecker-Restricted API,APIChecker-Restricted API,
212,android.provider.ContactsContract,getLookupUri,FALSE,APIChecker-Restricted API,APIChecker-Restricted API,Not Found in API 25
213,android.app.DownloadManager,addCompletedDownload,TRUE,APIChecker-Restricted API,APIChecker-Restricted API,
214,android.provider.Contacts,addPostalLocation,FALSE,APIChecker-Restricted API,APIChecker-Restricted API,Not Found in API 25
215,android.telephony.SmsManager,sendDataMessage,TRUE,APIChecker-Restricted API,APIChecker-Restricted API,
216,android.location.LocationManager,getLastKnownLocation,TRUE,APIChecker-Restricted API,APIChecker-Restricted API,
217,java.lang.Runtime,getRuntime,TRUE,APIChecker-Sensitive Operation API,APIChecker-Sensitive Operation API,
218,java.lang.Runtime,exec,FALSE,APIChecker-Sensitive Operation API,APIChecker-Sensitive Operation API,duplicate api
219,java.lang.ProcessBuilder,start,FALSE,APIChecker-Sensitive Operation API,APIChecker-Sensitive Operation API,duplicate api
220,java.lang.Runtime,load,FALSE,APIChecker-Sensitive Operation API,APIChecker-Sensitive Operation API,duplicate api
221,java.lang.Runtime,loadLibrary,FALSE,APIChecker-Sensitive Operation API,APIChecker-Sensitive Operation API,duplicate api
222,android.os.Environment,getDataDirectory,TRUE,APIChecker-Sensitive Operation API,APIChecker-Sensitive Operation API,
223,android.os.Environment,getDownloadCacheDirectory,TRUE,APIChecker-Sensitive Operation API,APIChecker-Sensitive Operation API,
224,android.os.Environment,getExternalStorageDirectory,TRUE,APIChecker-Sensitive Operation API,APIChecker-Sensitive Operation API,
225,android.os.Environment,getExternalStoragePublicDirectory,TRUE,APIChecker-Sensitive Operation API,APIChecker-Sensitive Operation API,
226,android.os.Environment,getRootDirectory,TRUE,APIChecker-Sensitive Operation API,APIChecker-Sensitive Operation API,
227,android.os.storage.StorageManager,getPrimaryStorageVolume,TRUE,APIChecker-Sensitive Operation API,APIChecker-Sensitive Operation API,
228,android.os.storage.StorageManager,getStorageVolumes,TRUE,APIChecker-Sensitive Operation API,APIChecker-Sensitive Operation API,
229,java.io.File,createNewFile,TRUE,APIChecker-Sensitive Operation API,APIChecker-Sensitive Operation API,
230,java.io.File,delete,TRUE,APIChecker-Sensitive Operation API,APIChecker-Sensitive Operation API,
231,java.io.File,listFiles,TRUE,APIChecker-Sensitive Operation API,APIChecker-Sensitive Operation API,
232,java.io.File,list,TRUE,APIChecker-Sensitive Operation API,APIChecker-Sensitive Operation API,
233,java.io.File,mkdir,TRUE,APIChecker-Sensitive Operation API,APIChecker-Sensitive Operation API,
234,java.io.File,renameTo,TRUE,APIChecker-Sensitive Operation API,APIChecker-Sensitive Operation API,
235,java.io.FileWriter,write,TRUE,APIChecker-Sensitive Operation API,APIChecker-Sensitive Operation API,
236,java.io.FileOutputStream,write,TRUE,APIChecker-Sensitive Operation API,APIChecker-Sensitive Operation API,
237,android.database.sqlite.SQLiteDatabase,create,FALSE,APIChecker-Sensitive Operation API,APIChecker-Sensitive Operation API,duplicate api
238,android.database.sqlite.SQLiteDatabase,delete,TRUE,APIChecker-Sensitive Operation API,APIChecker-Sensitive Operation API,
239,android.database.sqlite.SQLiteDatabase,deleteDatabase,FALSE,APIChecker-Sensitive Operation API,APIChecker-Sensitive Operation API,duplicate api
240,android.database.sqlite.SQLiteDatabase,execSQL,FALSE,APIChecker-Sensitive Operation API,APIChecker-Sensitive Operation API,duplicate api
241,android.database.sqlite.SQLiteDatabase,insert,FALSE,APIChecker-Sensitive Operation API,APIChecker-Sensitive Operation API,duplicate api
242,android.database.sqlite.SQLiteDatabase,insertWithOnConflict,FALSE,APIChecker-Sensitive Operation API,APIChecker-Sensitive Operation API,duplicate api
243,android.database.sqlite.SQLiteDatabase,query,FALSE,APIChecker-Sensitive Operation API,APIChecker-Sensitive Operation API,duplicate api
244,android.database.sqlite.SQLiteDatabase,rawQuery,FALSE,APIChecker-Sensitive Operation API,APIChecker-Sensitive Operation API,duplicate api
245,android.database.sqlite.SQLiteDatabase,updateWithOnConflict,FALSE,APIChecker-Sensitive Operation API,APIChecker-Sensitive Operation API,duplicate api
246,android.database.sqlite.SQLiteDatabase,update,FALSE,APIChecker-Sensitive Operation API,APIChecker-Sensitive Operation API,duplicate api
247,android.database.sqlite.SQLiteOpenHelper,SQLiteOpenHelper,TRUE,APIChecker-Sensitive Operation API,APIChecker-Sensitive Operation API,
248,java.net.URLConnection,connect,TRUE,APIChecker-Sensitive Operation API,APIChecker-Sensitive Operation API,
249,java.net.HttpURLConnection,connect,TRUE,APIChecker-Sensitive Operation API,APIChecker-Sensitive Operation API,
250,java.net.Socket,connect,TRUE,APIChecker-Sensitive Operation API,APIChecker-Sensitive Operation API,
251,android.os.PowerManager,newWakeLock,TRUE,APIChecker-Sensitive Operation API,APIChecker-Sensitive Operation API,
252,android.content.Context,startService,TRUE,APIChecker-Sensitive Operation API,APIChecker-Sensitive Operation API,
253,android.content.Context,stopService,TRUE,APIChecker-Sensitive Operation API,APIChecker-Sensitive Operation API,
254,android.content.Context,bindService,TRUE,APIChecker-Sensitive Operation API,APIChecker-Sensitive Operation API,
255,android.app.ActivityManager,getRunningTasks,TRUE,APIChecker-Sensitive Operation API,APIChecker-Sensitive Operation API,
256,android.app.ActivityManager,getRunningServices,TRUE,APIChecker-Sensitive Operation API,APIChecker-Sensitive Operation API,
257,android.app.ActivityManager,killBackgroundProcesses,FALSE,APIChecker-Sensitive Operation API,APIChecker-Sensitive Operation API,duplicate api
258,android.app.ActivityManager,getRunningAppProcesses,TRUE,APIChecker-Sensitive Operation API,APIChecker-Sensitive Operation API,
259,android.content.Context,startActivity,TRUE,APIChecker-Sensitive Operation API,APIChecker-Sensitive Operation API,
260,android.content.Context,sendBroadcast,TRUE,APIChecker-Sensitive Operation API,APIChecker-Sensitive Operation API,
261,android.content.Context,registerReceiver,TRUE,APIChecker-Sensitive Operation API,APIChecker-Sensitive Operation API,
262,android.content.BroadcastReceiver,abortBroadcast,FALSE,APIChecker-Sensitive Operation API,APIChecker-Sensitive Operation API,duplicate api
263,java.lang.Class,forName,TRUE,APIChecker-Sensitive Operation API,APIChecker-Sensitive Operation API,
264,java.lang.Class,getDeclaredMethod,TRUE,APIChecker-Sensitive Operation API,APIChecker-Sensitive Operation API,
265,java.lang.Class,getDeclaredMethods,TRUE,APIChecker-Sensitive Operation API,APIChecker-Sensitive Operation API,
266,java.lang.Class,getDeclaredField,TRUE,APIChecker-Sensitive Operation API,APIChecker-Sensitive Operation API,
267,java.lang.reflect.Method,invoke,TRUE,APIChecker-Sensitive Operation API,APIChecker-Sensitive Operation API,
268,java.lang.reflect.Proxy,newProxyInstance,TRUE,APIChecker-Sensitive Operation API,APIChecker-Sensitive Operation API,
269,android.view.ViewManager,addView,TRUE,APIChecker-Sensitive Operation API,APIChecker-Sensitive Operation API,
270,android.view.ViewManager,removeView,TRUE,APIChecker-Sensitive Operation API,APIChecker-Sensitive Operation API,
271,android.view.ViewGroup,addView,TRUE,APIChecker-Sensitive Operation API,APIChecker-Sensitive Operation API,
272,android.widget.TextView,setText,TRUE,APIChecker-Sensitive Operation API,APIChecker-Sensitive Operation API,
273,android.app.AlertDialog,AlertDialog,TRUE,APIChecker-Sensitive Operation API,APIChecker-Sensitive Operation API,
274,android.view.WindowManager,aadView,TRUE,APIChecker-Sensitive Operation API,APIChecker-Sensitive Operation API,
275,android.util.Base64,encode,FALSE,APIChecker-Sensitive Operation API,APIChecker-Sensitive Operation API,duplicate api
276,android.util.Base64,decode,FALSE,APIChecker-Sensitive Operation API,APIChecker-Sensitive Operation API,duplicate api
277,javax.crypto.Cipher,doFinal,FALSE,APIChecker-Sensitive Operation API,APIChecker-Sensitive Operation API,duplicate api
278,javax.crypto.Cipher,getInstance,TRUE,APIChecker-Sensitive Operation API,APIChecker-Sensitive Operation API,
279,javax.crypto.Cipher,init,TRUE,APIChecker-Sensitive Operation API,APIChecker-Sensitive Operation API,
280,javax.crypto.spec.SecretKeySpec,SecretKeySpec,TRUE,APIChecker-Sensitive Operation API,APIChecker-Sensitive Operation API,
281,java.lang.ClassLoader,ClassLoader,TRUE,APIChecker-Sensitive Operation API,APIChecker-Sensitive Operation API,
282,dalvik.system.BaseDexClassLoader,BaseDexClassLoader,TRUE,APIChecker-Sensitive Operation API,APIChecker-Sensitive Operation API,
283,dalvik.system.PathClassLoader,PathClassLoader,TRUE,APIChecker-Sensitive Operation API,APIChecker-Sensitive Operation API,
284,dalvik.system.DexClassLoader,DexClassLoader,TRUE,APIChecker-Sensitive Operation API,APIChecker-Sensitive Operation API,
285,dalvik.system.DexFile,DexFile,TRUE,APIChecker-Sensitive Operation API,APIChecker-Sensitive Operation API,
286,dalvik.system.InMemoryDexClassLoader,InMemoryDexClassLoader,TRUE,APIChecker-Sensitive Operation API,APIChecker-Sensitive Operation API,
287,android.app.Activity,setShowWhenLocked,TRUE,Diff OS API,Diff OS API,
288,android.app.Service,onStartCommand,TRUE,Diff OS API,Diff OS API,
289,android.content.ContextWrapper,sendBroadcast,FALSE,Diff OS API,Diff OS API,duplicate api
290,android.content.ContextWrapper,sendBroadcastAsUser,TRUE,Diff OS API,Diff OS API,
291,android.content.ContextWrapper,sendOrderedBroadcast,TRUE,Diff OS API,Diff OS API,
292,android.content.ContextWrapper,sendOrderedBroadcastAsUser,TRUE,Diff OS API,Diff OS API,
293,android.hardware.camera2.CameraManager,openCamera,TRUE,Diff OS API,Diff OS API,
294,android.location.LocationManager,registerGnssStatusCallback,TRUE,Diff OS API,Diff OS API,
295,android.net.ConnectivityManager.NetworkCallback,NetworkCallback,TRUE,Diff OS API,Diff OS API,
296,android.net.ConnectivityManager,registerDefaultNetworkCallback,TRUE,Diff OS API,Diff OS API,
297,android.net.ConnectivityManager,registerNetworkCallback,TRUE,Diff OS API,Diff OS API,
298,android.net.SSLCertificateSocketFactory,getDefault,TRUE,Diff OS API,Diff OS API,
299,android.content.ContentResolver,insert,FALSE,Diff OS API,Diff OS API,duplicate api
300,android.content.ContentResolver,query,FALSE,Diff OS API,Diff OS API,duplicate api
301,android.provider.VoicemailContract.Voicemails,buildSourceUri,TRUE,Diff OS API,Diff OS API,
302,android.telephony.TelephonyManager,getAllCellInfo,FALSE,Diff OS API,Diff OS API,duplicate api
303,android.telephony.TelephonyManager,getImei,TRUE,Diff OS API,Diff OS API,
304,android.telephony.TelephonyManager,getMeid,TRUE,Diff OS API,Diff OS API,
305,android.webkit.CookieManager,removeAllCookies,TRUE,Diff OS API,Diff OS API,
306,dalvik.system.PathClassLoader,PathClassLoader,TRUE,Diff OS API,Diff OS API,
307,org.apache.http.params.HttpConnectionParams,setStaleCheckingEnabled,TRUE,Diff OS API,Diff OS API,old api
308,java.net.URL,openConnection,FALSE,Diff OS API,Diff OS API,duplicate api
309,org.apache.http.params.HttpParams,setIntParameter,TRUE,Diff OS API,Diff OS API,old api
310,java.net.URLConnection,setConnectTimeout,TRUE,Diff OS API,Diff OS API,
311,java.net.URLConnection,setReadTimeout,TRUE,Diff OS API,Diff OS API,
